{
    "efficientnet_b2": {
        "tl": {
            "real": 0.0,
            "p10": -0.0011054813450022127,
            "p25": -0.00930446798710266,
            "p50": -0.019207738369414973,
            "p75": -0.028281897742975515,
            "p100": -0.034454168585905054,
            "p125": -0.03703362505757707,
            "p150": -0.04210041455550434
        },
        "sft": {
            "real": 0.0,
            "p10": 0.0011054813450024348,
            "p25": -0.0018424689083370582,
            "p50": -0.003086135421464742,
            "p75": -0.0054813450023031285,
            "p100": -0.005527406725011508,
            "p125": -0.008106863196683523,
            "p150": -0.01040994933210504
        },
        "fft": {
            "real": 0.0,
            "p10": 0.000644864117918087,
            "p25": -0.0026715799170887733,
            "p50": -0.0018424689083371693,
            "p75": -0.0029018885306308917,
            "p100": -0.004237678489175445,
            "p125": -0.0023952095808382756,
            "p150": -0.004698295716259793
        }
    },
    "resnet50": {
        "tl": {
            "real": 0.0,
            "p10": 0.008613542146476305,
            "p25": 0.007415937356057056,
            "p50": 0.0008751727314601498,
            "p75": -0.007508060801473981,
            "p100": -0.01612160294795023,
            "p125": -0.021741133118378553,
            "p150": -0.02579456471672048
        },
        "sft": {
            "real": 0.0,
            "p10": 0.0029018885306310582,
            "p25": 0.003730999539382829,
            "p50": 0.002395209580838331,
            "p75": 9.212344541692508e-05,
            "p100": -0.0027637033625056984,
            "p125": -0.0008751727314601498,
            "p150": -0.0022570244127129713
        },
        "fft": {
            "real": 0.0,
            "p10": 0.002487333026255145,
            "p25": 0.0017503454629202997,
            "p50": 0.00032243205895898797,
            "p75": 0.0011976047904191933,
            "p100": -0.0051589129433440295,
            "p125": -0.00036849378166736724,
            "p150": -0.002118839244587667
        }
    },
    "vit_b_16": {
        "tl": {
            "real": 0.0,
            "p10": -0.0027637033625058094,
            "p25": -0.006356517733763223,
            "p50": -0.009258406264394337,
            "p75": -0.016029479502533528,
            "p100": -0.018931368033164475,
            "p125": -0.024596959926301232,
            "p150": -0.027637033625057594
        },
        "sft": {
            "real": 0.0,
            "p10": -0.0005527406725011064,
            "p25": -0.005757715338553626,
            "p50": -0.00327038231229837,
            "p75": -0.006817134960847571,
            "p100": -0.007139567019806559,
            "p125": -0.006172270842929595,
            "p150": -0.0025794564716720148
        },
        "fft": {
            "real": 0.0,
            "p10": -0.001473975126669691,
            "p25": -0.003961308152924947,
            "p50": -0.007738369415016266,
            "p75": -0.00875172731460161,
            "p100": -0.01050207277752191,
            "p125": -0.006678949792722322,
            "p150": -0.00865960386918474
        }
    }
}