{
  "class": {
    "broadleaved_indigenous_hardwood": {
      "precision": 0.378151,
      "recall": 0.269461,
      "f1": 0.314685,
      "accuracy": 0.269461,
      "tp": 90,
      "fp": 148,
      "fn": 244,
      "support": 334
    },
    "deciduous_hardwood": {
      "precision": 0.447689,
      "recall": 0.550898,
      "f1": 0.49396,
      "accuracy": 0.550898,
      "tp": 184,
      "fp": 227,
      "fn": 150,
      "support": 334
    },
    "grose_broom": {
      "precision": 0.351171,
      "recall": 0.314371,
      "f1": 0.331754,
      "accuracy": 0.314371,
      "tp": 105,
      "fp": 194,
      "fn": 229,
      "support": 334
    },
    "harvested_forest": {
      "precision": 0.626424,
      "recall": 0.823353,
      "f1": 0.711514,
      "accuracy": 0.823353,
      "tp": 275,
      "fp": 164,
      "fn": 59,
      "support": 334
    },
    "herbaceous_freshwater_vege": {
      "precision": 0.465201,
      "recall": 0.38024,
      "f1": 0.418451,
      "accuracy": 0.38024,
      "tp": 127,
      "fp": 146,
      "fn": 207,
      "support": 334
    },
    "high_producing_grassland": {
      "precision": 0.332317,
      "recall": 0.326347,
      "f1": 0.329305,
      "accuracy": 0.326347,
      "tp": 109,
      "fp": 219,
      "fn": 225,
      "support": 334
    },
    "indigenous_forest": {
      "precision": 0.474394,
      "recall": 0.526946,
      "f1": 0.499291,
      "accuracy": 0.526946,
      "tp": 176,
      "fp": 195,
      "fn": 158,
      "support": 334
    },
    "lake_pond": {
      "precision": 0.677686,
      "recall": 0.736527,
      "f1": 0.705882,
      "accuracy": 0.736527,
      "tp": 246,
      "fp": 117,
      "fn": 88,
      "support": 334
    },
    "low_producing_grassland": {
      "precision": 0.267797,
      "recall": 0.236527,
      "f1": 0.251192,
      "accuracy": 0.236527,
      "tp": 79,
      "fp": 216,
      "fn": 255,
      "support": 334
    },
    "manuka_kanuka": {
      "precision": 0.360784,
      "recall": 0.275449,
      "f1": 0.312394,
      "accuracy": 0.275449,
      "tp": 92,
      "fp": 163,
      "fn": 242,
      "support": 334
    },
    "shortrotation_cropland": {
      "precision": 0.67801,
      "recall": 0.775449,
      "f1": 0.723464,
      "accuracy": 0.775449,
      "tp": 259,
      "fp": 123,
      "fn": 75,
      "support": 334
    },
    "urban_build_up": {
      "precision": 0.654501,
      "recall": 0.805389,
      "f1": 0.722148,
      "accuracy": 0.805389,
      "tp": 269,
      "fp": 142,
      "fn": 65,
      "support": 334
    },
    "urban_parkland": {
      "precision": 0.6787,
      "recall": 0.562874,
      "f1": 0.615385,
      "accuracy": 0.562874,
      "tp": 188,
      "fp": 89,
      "fn": 146,
      "support": 334
    }
  },
  "global": {
    "micro_precision": 0.506449,
    "micro_recall": 0.506449,
    "micro_f1": 0.506449,
    "macro_precision": 0.491756,
    "macro_recall": 0.506449,
    "macro_f1": 0.494571,
    "macro_accuracy": 0.506449,
    "weighted_precision": 0.491756,
    "weighted_recall": 0.506449,
    "weighted_f1": 0.494571,
    "weighted_accuracy": 0.506449
  }
}