{
  "class": {
    "broadleaved_indigenous_hardwood": {
      "precision": 0.295238,
      "recall": 0.278443,
      "f1": 0.286595,
      "accuracy": 0.278443,
      "tp": 93,
      "fp": 222,
      "fn": 241,
      "support": 334
    },
    "deciduous_hardwood": {
      "precision": 0.461538,
      "recall": 0.48503,
      "f1": 0.472993,
      "accuracy": 0.48503,
      "tp": 162,
      "fp": 189,
      "fn": 172,
      "support": 334
    },
    "grose_broom": {
      "precision": 0.364017,
      "recall": 0.260479,
      "f1": 0.303665,
      "accuracy": 0.260479,
      "tp": 87,
      "fp": 152,
      "fn": 247,
      "support": 334
    },
    "harvested_forest": {
      "precision": 0.595133,
      "recall": 0.805389,
      "f1": 0.684478,
      "accuracy": 0.805389,
      "tp": 269,
      "fp": 183,
      "fn": 65,
      "support": 334
    },
    "herbaceous_freshwater_vege": {
      "precision": 0.480469,
      "recall": 0.368263,
      "f1": 0.416949,
      "accuracy": 0.368263,
      "tp": 123,
      "fp": 133,
      "fn": 211,
      "support": 334
    },
    "high_producing_grassland": {
      "precision": 0.312676,
      "recall": 0.332335,
      "f1": 0.322206,
      "accuracy": 0.332335,
      "tp": 111,
      "fp": 244,
      "fn": 223,
      "support": 334
    },
    "indigenous_forest": {
      "precision": 0.459677,
      "recall": 0.511976,
      "f1": 0.484419,
      "accuracy": 0.511976,
      "tp": 171,
      "fp": 201,
      "fn": 163,
      "support": 334
    },
    "lake_pond": {
      "precision": 0.668622,
      "recall": 0.682635,
      "f1": 0.675556,
      "accuracy": 0.682635,
      "tp": 228,
      "fp": 113,
      "fn": 106,
      "support": 334
    },
    "low_producing_grassland": {
      "precision": 0.242424,
      "recall": 0.239521,
      "f1": 0.240964,
      "accuracy": 0.239521,
      "tp": 80,
      "fp": 250,
      "fn": 254,
      "support": 334
    },
    "manuka_kanuka": {
      "precision": 0.34749,
      "recall": 0.269461,
      "f1": 0.303541,
      "accuracy": 0.269461,
      "tp": 90,
      "fp": 169,
      "fn": 244,
      "support": 334
    },
    "shortrotation_cropland": {
      "precision": 0.650754,
      "recall": 0.775449,
      "f1": 0.70765,
      "accuracy": 0.775449,
      "tp": 259,
      "fp": 139,
      "fn": 75,
      "support": 334
    },
    "urban_build_up": {
      "precision": 0.622642,
      "recall": 0.790419,
      "f1": 0.69657,
      "accuracy": 0.790419,
      "tp": 264,
      "fp": 160,
      "fn": 70,
      "support": 334
    },
    "urban_parkland": {
      "precision": 0.648,
      "recall": 0.48503,
      "f1": 0.554795,
      "accuracy": 0.48503,
      "tp": 162,
      "fp": 88,
      "fn": 172,
      "support": 334
    }
  },
  "global": {
    "micro_precision": 0.483418,
    "micro_recall": 0.483418,
    "micro_f1": 0.483418,
    "macro_precision": 0.472975,
    "macro_recall": 0.483418,
    "macro_f1": 0.473106,
    "macro_accuracy": 0.483418,
    "weighted_precision": 0.472975,
    "weighted_recall": 0.483418,
    "weighted_f1": 0.473106,
    "weighted_accuracy": 0.483418
  }
}