{
  "class": {
    "broadleaved_indigenous_hardwood": {
      "precision": 0.309804,
      "recall": 0.236527,
      "f1": 0.268251,
      "tp": 79,
      "fp": 176,
      "fn": 255,
      "support": 334
    },
    "deciduous_hardwood": {
      "precision": 0.340909,
      "recall": 0.404192,
      "f1": 0.369863,
      "tp": 135,
      "fp": 261,
      "fn": 199,
      "support": 334
    },
    "grose_broom": {
      "precision": 0.320158,
      "recall": 0.242515,
      "f1": 0.27598,
      "tp": 81,
      "fp": 172,
      "fn": 253,
      "support": 334
    },
    "harvested_forest": {
      "precision": 0.567873,
      "recall": 0.751497,
      "f1": 0.646907,
      "tp": 251,
      "fp": 191,
      "fn": 83,
      "support": 334
    },
    "herbaceous_freshwater_vege": {
      "precision": 0.388889,
      "recall": 0.314371,
      "f1": 0.347682,
      "tp": 105,
      "fp": 165,
      "fn": 229,
      "support": 334
    },
    "high_producing_grassland": {
      "precision": 0.256906,
      "recall": 0.278443,
      "f1": 0.267241,
      "tp": 93,
      "fp": 269,
      "fn": 241,
      "support": 334
    },
    "indigenous_forest": {
      "precision": 0.418231,
      "recall": 0.467066,
      "f1": 0.441301,
      "tp": 156,
      "fp": 217,
      "fn": 178,
      "support": 334
    },
    "lake_pond": {
      "precision": 0.527059,
      "recall": 0.670659,
      "f1": 0.59025,
      "tp": 224,
      "fp": 201,
      "fn": 110,
      "support": 334
    },
    "low_producing_grassland": {
      "precision": 0.206522,
      "recall": 0.170659,
      "f1": 0.186885,
      "tp": 57,
      "fp": 219,
      "fn": 277,
      "support": 334
    },
    "manuka_kanuka": {
      "precision": 0.322835,
      "recall": 0.245509,
      "f1": 0.278912,
      "tp": 82,
      "fp": 172,
      "fn": 252,
      "support": 334
    },
    "shortrotation_cropland": {
      "precision": 0.658192,
      "recall": 0.697605,
      "f1": 0.677326,
      "tp": 233,
      "fp": 121,
      "fn": 101,
      "support": 334
    },
    "urban_build_up": {
      "precision": 0.635236,
      "recall": 0.766467,
      "f1": 0.694708,
      "tp": 256,
      "fp": 147,
      "fn": 78,
      "support": 334
    },
    "urban_parkland": {
      "precision": 0.65233,
      "recall": 0.54491,
      "f1": 0.593801,
      "tp": 182,
      "fp": 97,
      "fn": 152,
      "support": 334
    }
  },
  "global": {
    "micro_precision": 0.445417,
    "micro_recall": 0.445417,
    "micro_f1": 0.445417,
    "macro_precision": 0.431149,
    "macro_recall": 0.445417,
    "macro_f1": 0.433778,
    "weighted_precision": 0.431149,
    "weighted_recall": 0.445417,
    "weighted_f1": 0.433778
  }
}