{
  "class": {
    "broadleaved_indigenous_hardwood": {
      "precision": 0.311037,
      "recall": 0.278443,
      "f1": 0.293839,
      "tp": 93,
      "fp": 206,
      "fn": 241,
      "support": 334
    },
    "deciduous_hardwood": {
      "precision": 0.436111,
      "recall": 0.47006,
      "f1": 0.45245,
      "tp": 157,
      "fp": 203,
      "fn": 177,
      "support": 334
    },
    "grose_broom": {
      "precision": 0.35461,
      "recall": 0.299401,
      "f1": 0.324675,
      "tp": 100,
      "fp": 182,
      "fn": 234,
      "support": 334
    },
    "harvested_forest": {
      "precision": 0.609091,
      "recall": 0.802395,
      "f1": 0.692506,
      "tp": 268,
      "fp": 172,
      "fn": 66,
      "support": 334
    },
    "herbaceous_freshwater_vege": {
      "precision": 0.490421,
      "recall": 0.383234,
      "f1": 0.430252,
      "tp": 128,
      "fp": 133,
      "fn": 206,
      "support": 334
    },
    "high_producing_grassland": {
      "precision": 0.293963,
      "recall": 0.335329,
      "f1": 0.313287,
      "tp": 112,
      "fp": 269,
      "fn": 222,
      "support": 334
    },
    "indigenous_forest": {
      "precision": 0.472393,
      "recall": 0.461078,
      "f1": 0.466667,
      "tp": 154,
      "fp": 172,
      "fn": 180,
      "support": 334
    },
    "lake_pond": {
      "precision": 0.686901,
      "recall": 0.643713,
      "f1": 0.664606,
      "tp": 215,
      "fp": 98,
      "fn": 119,
      "support": 334
    },
    "low_producing_grassland": {
      "precision": 0.249231,
      "recall": 0.242515,
      "f1": 0.245827,
      "tp": 81,
      "fp": 244,
      "fn": 253,
      "support": 334
    },
    "manuka_kanuka": {
      "precision": 0.324528,
      "recall": 0.257485,
      "f1": 0.287145,
      "tp": 86,
      "fp": 179,
      "fn": 248,
      "support": 334
    },
    "shortrotation_cropland": {
      "precision": 0.675462,
      "recall": 0.766467,
      "f1": 0.718093,
      "tp": 256,
      "fp": 123,
      "fn": 78,
      "support": 334
    },
    "urban_build_up": {
      "precision": 0.626728,
      "recall": 0.814371,
      "f1": 0.708333,
      "tp": 272,
      "fp": 162,
      "fn": 62,
      "support": 334
    },
    "urban_parkland": {
      "precision": 0.65704,
      "recall": 0.54491,
      "f1": 0.595745,
      "tp": 182,
      "fp": 95,
      "fn": 152,
      "support": 334
    }
  },
  "global": {
    "micro_precision": 0.484569,
    "micro_recall": 0.484569,
    "micro_f1": 0.484569,
    "macro_precision": 0.475963,
    "macro_recall": 0.484569,
    "macro_f1": 0.476417,
    "weighted_precision": 0.475963,
    "weighted_recall": 0.484569,
    "weighted_f1": 0.476417
  }
}