{
  "class": {
    "broadleaved_indigenous_hardwood": {
      "precision": 0.278443,
      "recall": 0.278443,
      "f1": 0.278443,
      "tp": 93,
      "fp": 241,
      "fn": 241,
      "support": 334
    },
    "deciduous_hardwood": {
      "precision": 0.399408,
      "recall": 0.404192,
      "f1": 0.401786,
      "tp": 135,
      "fp": 203,
      "fn": 199,
      "support": 334
    },
    "grose_broom": {
      "precision": 0.332192,
      "recall": 0.290419,
      "f1": 0.309904,
      "tp": 97,
      "fp": 195,
      "fn": 237,
      "support": 334
    },
    "harvested_forest": {
      "precision": 0.523715,
      "recall": 0.793413,
      "f1": 0.630952,
      "tp": 265,
      "fp": 241,
      "fn": 69,
      "support": 334
    },
    "herbaceous_freshwater_vege": {
      "precision": 0.350975,
      "recall": 0.377246,
      "f1": 0.363636,
      "tp": 126,
      "fp": 233,
      "fn": 208,
      "support": 334
    },
    "high_producing_grassland": {
      "precision": 0.325472,
      "recall": 0.206587,
      "f1": 0.252747,
      "tp": 69,
      "fp": 143,
      "fn": 265,
      "support": 334
    },
    "indigenous_forest": {
      "precision": 0.395425,
      "recall": 0.362275,
      "f1": 0.378125,
      "tp": 121,
      "fp": 185,
      "fn": 213,
      "support": 334
    },
    "lake_pond": {
      "precision": 0.542587,
      "recall": 0.51497,
      "f1": 0.528418,
      "tp": 172,
      "fp": 145,
      "fn": 162,
      "support": 334
    },
    "low_producing_grassland": {
      "precision": 0.211268,
      "recall": 0.134731,
      "f1": 0.164534,
      "tp": 45,
      "fp": 168,
      "fn": 289,
      "support": 334
    },
    "manuka_kanuka": {
      "precision": 0.297872,
      "recall": 0.251497,
      "f1": 0.272727,
      "tp": 84,
      "fp": 198,
      "fn": 250,
      "support": 334
    },
    "shortrotation_cropland": {
      "precision": 0.572043,
      "recall": 0.796407,
      "f1": 0.665832,
      "tp": 266,
      "fp": 199,
      "fn": 68,
      "support": 334
    },
    "urban_build_up": {
      "precision": 0.626822,
      "recall": 0.643713,
      "f1": 0.635155,
      "tp": 215,
      "fp": 128,
      "fn": 119,
      "support": 334
    },
    "urban_parkland": {
      "precision": 0.506667,
      "recall": 0.568862,
      "f1": 0.535966,
      "tp": 190,
      "fp": 185,
      "fn": 144,
      "support": 334
    }
  },
  "global": {
    "micro_precision": 0.43252,
    "micro_recall": 0.43252,
    "micro_f1": 0.43252,
    "macro_precision": 0.41253,
    "macro_recall": 0.43252,
    "macro_f1": 0.416787,
    "weighted_precision": 0.41253,
    "weighted_recall": 0.43252,
    "weighted_f1": 0.416787
  }
}