{
  "class": {
    "broadleaved_indigenous_hardwood": {
      "precision": 0.323077,
      "recall": 0.251497,
      "f1": 0.282828,
      "tp": 84,
      "fp": 176,
      "fn": 250,
      "support": 334
    },
    "deciduous_hardwood": {
      "precision": 0.406061,
      "recall": 0.401198,
      "f1": 0.403614,
      "tp": 134,
      "fp": 196,
      "fn": 200,
      "support": 334
    },
    "grose_broom": {
      "precision": 0.32,
      "recall": 0.215569,
      "f1": 0.257603,
      "tp": 72,
      "fp": 153,
      "fn": 262,
      "support": 334
    },
    "harvested_forest": {
      "precision": 0.573333,
      "recall": 0.772455,
      "f1": 0.658163,
      "tp": 258,
      "fp": 192,
      "fn": 76,
      "support": 334
    },
    "herbaceous_freshwater_vege": {
      "precision": 0.360335,
      "recall": 0.386228,
      "f1": 0.372832,
      "tp": 129,
      "fp": 229,
      "fn": 205,
      "support": 334
    },
    "high_producing_grassland": {
      "precision": 0.274151,
      "recall": 0.314371,
      "f1": 0.292887,
      "tp": 105,
      "fp": 278,
      "fn": 229,
      "support": 334
    },
    "indigenous_forest": {
      "precision": 0.461794,
      "recall": 0.416168,
      "f1": 0.437795,
      "tp": 139,
      "fp": 162,
      "fn": 195,
      "support": 334
    },
    "lake_pond": {
      "precision": 0.543902,
      "recall": 0.667665,
      "f1": 0.599462,
      "tp": 223,
      "fp": 187,
      "fn": 111,
      "support": 334
    },
    "low_producing_grassland": {
      "precision": 0.268908,
      "recall": 0.095808,
      "f1": 0.14128,
      "tp": 32,
      "fp": 87,
      "fn": 302,
      "support": 334
    },
    "manuka_kanuka": {
      "precision": 0.271949,
      "recall": 0.38024,
      "f1": 0.317104,
      "tp": 127,
      "fp": 340,
      "fn": 207,
      "support": 334
    },
    "shortrotation_cropland": {
      "precision": 0.706587,
      "recall": 0.706587,
      "f1": 0.706587,
      "tp": 236,
      "fp": 98,
      "fn": 98,
      "support": 334
    },
    "urban_build_up": {
      "precision": 0.625,
      "recall": 0.793413,
      "f1": 0.699208,
      "tp": 265,
      "fp": 159,
      "fn": 69,
      "support": 334
    },
    "urban_parkland": {
      "precision": 0.658363,
      "recall": 0.553892,
      "f1": 0.601626,
      "tp": 185,
      "fp": 96,
      "fn": 149,
      "support": 334
    }
  },
  "global": {
    "micro_precision": 0.458084,
    "micro_recall": 0.458084,
    "micro_f1": 0.458084,
    "macro_precision": 0.445651,
    "macro_recall": 0.458084,
    "macro_f1": 0.443922,
    "weighted_precision": 0.445651,
    "weighted_recall": 0.458084,
    "weighted_f1": 0.443922
  }
}