{
  "class": {
    "broadleaved_indigenous_hardwood": {
      "precision": 0.333333,
      "recall": 0.212575,
      "f1": 0.259598,
      "tp": 71,
      "fp": 142,
      "fn": 263,
      "support": 334
    },
    "deciduous_hardwood": {
      "precision": 0.487805,
      "recall": 0.479042,
      "f1": 0.483384,
      "tp": 160,
      "fp": 168,
      "fn": 174,
      "support": 334
    },
    "grose_broom": {
      "precision": 0.378151,
      "recall": 0.269461,
      "f1": 0.314685,
      "tp": 90,
      "fp": 148,
      "fn": 244,
      "support": 334
    },
    "harvested_forest": {
      "precision": 0.654229,
      "recall": 0.787425,
      "f1": 0.714674,
      "tp": 263,
      "fp": 139,
      "fn": 71,
      "support": 334
    },
    "herbaceous_freshwater_vege": {
      "precision": 0.39749,
      "recall": 0.568862,
      "f1": 0.46798,
      "tp": 190,
      "fp": 288,
      "fn": 144,
      "support": 334
    },
    "high_producing_grassland": {
      "precision": 0.32687,
      "recall": 0.353293,
      "f1": 0.339568,
      "tp": 118,
      "fp": 243,
      "fn": 216,
      "support": 334
    },
    "indigenous_forest": {
      "precision": 0.577075,
      "recall": 0.437126,
      "f1": 0.497445,
      "tp": 146,
      "fp": 107,
      "fn": 188,
      "support": 334
    },
    "lake_pond": {
      "precision": 0.687151,
      "recall": 0.736527,
      "f1": 0.710983,
      "tp": 246,
      "fp": 112,
      "fn": 88,
      "support": 334
    },
    "low_producing_grassland": {
      "precision": 0.232258,
      "recall": 0.215569,
      "f1": 0.223602,
      "tp": 72,
      "fp": 238,
      "fn": 262,
      "support": 334
    },
    "manuka_kanuka": {
      "precision": 0.340796,
      "recall": 0.41018,
      "f1": 0.372283,
      "tp": 137,
      "fp": 265,
      "fn": 197,
      "support": 334
    },
    "shortrotation_cropland": {
      "precision": 0.76489,
      "recall": 0.730539,
      "f1": 0.74732,
      "tp": 244,
      "fp": 75,
      "fn": 90,
      "support": 334
    },
    "urban_build_up": {
      "precision": 0.627706,
      "recall": 0.868263,
      "f1": 0.728643,
      "tp": 290,
      "fp": 172,
      "fn": 44,
      "support": 334
    },
    "urban_parkland": {
      "precision": 0.756881,
      "recall": 0.494012,
      "f1": 0.597826,
      "tp": 165,
      "fp": 53,
      "fn": 169,
      "support": 334
    }
  },
  "global": {
    "micro_precision": 0.504836,
    "micro_recall": 0.504836,
    "micro_f1": 0.504836,
    "macro_precision": 0.504972,
    "macro_recall": 0.504836,
    "macro_f1": 0.496769,
    "weighted_precision": 0.504972,
    "weighted_recall": 0.504836,
    "weighted_f1": 0.496769
  }
}