{
  "class": {
    "broadleaved_indigenous_hardwood": {
      "precision": 0.257541,
      "recall": 0.332335,
      "f1": 0.290196,
      "accuracy": 0.332335,
      "tp": 111,
      "fp": 320,
      "fn": 223,
      "support": 334
    },
    "deciduous_hardwood": {
      "precision": 0.33853,
      "recall": 0.45509,
      "f1": 0.38825,
      "accuracy": 0.45509,
      "tp": 152,
      "fp": 297,
      "fn": 182,
      "support": 334
    },
    "grose_broom": {
      "precision": 0.307692,
      "recall": 0.203593,
      "f1": 0.245045,
      "accuracy": 0.203593,
      "tp": 68,
      "fp": 153,
      "fn": 266,
      "support": 334
    },
    "harvested_forest": {
      "precision": 0.570776,
      "recall": 0.748503,
      "f1": 0.647668,
      "accuracy": 0.748503,
      "tp": 250,
      "fp": 188,
      "fn": 84,
      "support": 334
    },
    "herbaceous_freshwater_vege": {
      "precision": 0.380952,
      "recall": 0.359281,
      "f1": 0.3698,
      "accuracy": 0.359281,
      "tp": 120,
      "fp": 195,
      "fn": 214,
      "support": 334
    },
    "high_producing_grassland": {
      "precision": 0.271875,
      "recall": 0.260479,
      "f1": 0.266055,
      "accuracy": 0.260479,
      "tp": 87,
      "fp": 233,
      "fn": 247,
      "support": 334
    },
    "indigenous_forest": {
      "precision": 0.467925,
      "recall": 0.371257,
      "f1": 0.414023,
      "accuracy": 0.371257,
      "tp": 124,
      "fp": 141,
      "fn": 210,
      "support": 334
    },
    "lake_pond": {
      "precision": 0.55615,
      "recall": 0.622754,
      "f1": 0.587571,
      "accuracy": 0.622754,
      "tp": 208,
      "fp": 166,
      "fn": 126,
      "support": 334
    },
    "low_producing_grassland": {
      "precision": 0.205556,
      "recall": 0.221557,
      "f1": 0.213256,
      "accuracy": 0.221557,
      "tp": 74,
      "fp": 286,
      "fn": 260,
      "support": 334
    },
    "manuka_kanuka": {
      "precision": 0.329193,
      "recall": 0.158683,
      "f1": 0.214141,
      "accuracy": 0.158683,
      "tp": 53,
      "fp": 108,
      "fn": 281,
      "support": 334
    },
    "shortrotation_cropland": {
      "precision": 0.706452,
      "recall": 0.655689,
      "f1": 0.680124,
      "accuracy": 0.655689,
      "tp": 219,
      "fp": 91,
      "fn": 115,
      "support": 334
    },
    "urban_build_up": {
      "precision": 0.599553,
      "recall": 0.802395,
      "f1": 0.6863,
      "accuracy": 0.802395,
      "tp": 268,
      "fp": 179,
      "fn": 66,
      "support": 334
    },
    "urban_parkland": {
      "precision": 0.677291,
      "recall": 0.508982,
      "f1": 0.581197,
      "accuracy": 0.508982,
      "tp": 170,
      "fp": 81,
      "fn": 164,
      "support": 334
    }
  },
  "global": {
    "micro_precision": 0.438508,
    "micro_recall": 0.438508,
    "micro_f1": 0.438508,
    "macro_precision": 0.436114,
    "macro_recall": 0.438508,
    "macro_f1": 0.42951,
    "macro_accuracy": 0.438508,
    "weighted_precision": 0.436114,
    "weighted_recall": 0.438508,
    "weighted_f1": 0.42951,
    "weighted_accuracy": 0.438508
  }
}