{
  "class": {
    "broadleaved_indigenous_hardwood": {
      "precision": 0.282787,
      "recall": 0.206587,
      "f1": 0.238754,
      "tp": 69,
      "fp": 175,
      "fn": 265,
      "support": 334
    },
    "deciduous_hardwood": {
      "precision": 0.343284,
      "recall": 0.413174,
      "f1": 0.375,
      "tp": 138,
      "fp": 264,
      "fn": 196,
      "support": 334
    },
    "grose_broom": {
      "precision": 0.318182,
      "recall": 0.209581,
      "f1": 0.252708,
      "tp": 70,
      "fp": 150,
      "fn": 264,
      "support": 334
    },
    "harvested_forest": {
      "precision": 0.553419,
      "recall": 0.775449,
      "f1": 0.645885,
      "tp": 259,
      "fp": 209,
      "fn": 75,
      "support": 334
    },
    "herbaceous_freshwater_vege": {
      "precision": 0.424779,
      "recall": 0.287425,
      "f1": 0.342857,
      "tp": 96,
      "fp": 130,
      "fn": 238,
      "support": 334
    },
    "high_producing_grassland": {
      "precision": 0.268571,
      "recall": 0.281437,
      "f1": 0.274854,
      "tp": 94,
      "fp": 256,
      "fn": 240,
      "support": 334
    },
    "indigenous_forest": {
      "precision": 0.386878,
      "recall": 0.511976,
      "f1": 0.440722,
      "tp": 171,
      "fp": 271,
      "fn": 163,
      "support": 334
    },
    "lake_pond": {
      "precision": 0.515766,
      "recall": 0.685629,
      "f1": 0.588689,
      "tp": 229,
      "fp": 215,
      "fn": 105,
      "support": 334
    },
    "low_producing_grassland": {
      "precision": 0.216867,
      "recall": 0.161677,
      "f1": 0.185249,
      "tp": 54,
      "fp": 195,
      "fn": 280,
      "support": 334
    },
    "manuka_kanuka": {
      "precision": 0.314176,
      "recall": 0.245509,
      "f1": 0.27563,
      "tp": 82,
      "fp": 179,
      "fn": 252,
      "support": 334
    },
    "shortrotation_cropland": {
      "precision": 0.667606,
      "recall": 0.709581,
      "f1": 0.687954,
      "tp": 237,
      "fp": 118,
      "fn": 97,
      "support": 334
    },
    "urban_build_up": {
      "precision": 0.648294,
      "recall": 0.739521,
      "f1": 0.690909,
      "tp": 247,
      "fp": 134,
      "fn": 87,
      "support": 334
    },
    "urban_parkland": {
      "precision": 0.623333,
      "recall": 0.55988,
      "f1": 0.589905,
      "tp": 187,
      "fp": 113,
      "fn": 147,
      "support": 334
    }
  },
  "global": {
    "micro_precision": 0.445187,
    "micro_recall": 0.445187,
    "micro_f1": 0.445187,
    "macro_precision": 0.427996,
    "macro_recall": 0.445187,
    "macro_f1": 0.429932,
    "weighted_precision": 0.427996,
    "weighted_recall": 0.445187,
    "weighted_f1": 0.429932
  }
}