{
  "class": {
    "broadleaved_indigenous_hardwood": {
      "precision": 0.38172,
      "recall": 0.212575,
      "f1": 0.273077,
      "tp": 71,
      "fp": 115,
      "fn": 263,
      "support": 334
    },
    "deciduous_hardwood": {
      "precision": 0.428894,
      "recall": 0.568862,
      "f1": 0.48906,
      "tp": 190,
      "fp": 253,
      "fn": 144,
      "support": 334
    },
    "grose_broom": {
      "precision": 0.340694,
      "recall": 0.323353,
      "f1": 0.331797,
      "tp": 108,
      "fp": 209,
      "fn": 226,
      "support": 334
    },
    "harvested_forest": {
      "precision": 0.619369,
      "recall": 0.823353,
      "f1": 0.706941,
      "tp": 275,
      "fp": 169,
      "fn": 59,
      "support": 334
    },
    "herbaceous_freshwater_vege": {
      "precision": 0.413613,
      "recall": 0.473054,
      "f1": 0.441341,
      "tp": 158,
      "fp": 224,
      "fn": 176,
      "support": 334
    },
    "high_producing_grassland": {
      "precision": 0.370031,
      "recall": 0.362275,
      "f1": 0.366112,
      "tp": 121,
      "fp": 206,
      "fn": 213,
      "support": 334
    },
    "indigenous_forest": {
      "precision": 0.535055,
      "recall": 0.434132,
      "f1": 0.479339,
      "tp": 145,
      "fp": 126,
      "fn": 189,
      "support": 334
    },
    "lake_pond": {
      "precision": 0.668407,
      "recall": 0.766467,
      "f1": 0.714086,
      "tp": 256,
      "fp": 127,
      "fn": 78,
      "support": 334
    },
    "low_producing_grassland": {
      "precision": 0.318182,
      "recall": 0.10479,
      "f1": 0.157658,
      "tp": 35,
      "fp": 75,
      "fn": 299,
      "support": 334
    },
    "manuka_kanuka": {
      "precision": 0.289308,
      "recall": 0.413174,
      "f1": 0.340321,
      "tp": 138,
      "fp": 339,
      "fn": 196,
      "support": 334
    },
    "shortrotation_cropland": {
      "precision": 0.75,
      "recall": 0.727545,
      "f1": 0.738602,
      "tp": 243,
      "fp": 81,
      "fn": 91,
      "support": 334
    },
    "urban_build_up": {
      "precision": 0.618026,
      "recall": 0.862275,
      "f1": 0.72,
      "tp": 288,
      "fp": 178,
      "fn": 46,
      "support": 334
    },
    "urban_parkland": {
      "precision": 0.787736,
      "recall": 0.5,
      "f1": 0.611722,
      "tp": 167,
      "fp": 45,
      "fn": 167,
      "support": 334
    }
  },
  "global": {
    "micro_precision": 0.505527,
    "micro_recall": 0.505527,
    "micro_f1": 0.505527,
    "macro_precision": 0.501618,
    "macro_recall": 0.505527,
    "macro_f1": 0.490004,
    "weighted_precision": 0.501618,
    "weighted_recall": 0.505527,
    "weighted_f1": 0.490004
  }
}