{
  "class": {
    "broadleaved_indigenous_hardwood": {
      "precision": 0.333333,
      "recall": 0.092814,
      "f1": 0.145199,
      "accuracy": 0.092814,
      "tp": 31,
      "fp": 62,
      "fn": 303,
      "support": 334
    },
    "deciduous_hardwood": {
      "precision": 0.454094,
      "recall": 0.547904,
      "f1": 0.496608,
      "accuracy": 0.547904,
      "tp": 183,
      "fp": 220,
      "fn": 151,
      "support": 334
    },
    "grose_broom": {
      "precision": 0.372881,
      "recall": 0.329341,
      "f1": 0.349762,
      "accuracy": 0.329341,
      "tp": 110,
      "fp": 185,
      "fn": 224,
      "support": 334
    },
    "harvested_forest": {
      "precision": 0.717033,
      "recall": 0.781437,
      "f1": 0.747851,
      "accuracy": 0.781437,
      "tp": 261,
      "fp": 103,
      "fn": 73,
      "support": 334
    },
    "herbaceous_freshwater_vege": {
      "precision": 0.449405,
      "recall": 0.452096,
      "f1": 0.450746,
      "accuracy": 0.452096,
      "tp": 151,
      "fp": 185,
      "fn": 183,
      "support": 334
    },
    "high_producing_grassland": {
      "precision": 0.378289,
      "recall": 0.344311,
      "f1": 0.360502,
      "accuracy": 0.344311,
      "tp": 115,
      "fp": 189,
      "fn": 219,
      "support": 334
    },
    "indigenous_forest": {
      "precision": 0.435294,
      "recall": 0.664671,
      "f1": 0.526066,
      "accuracy": 0.664671,
      "tp": 222,
      "fp": 288,
      "fn": 112,
      "support": 334
    },
    "lake_pond": {
      "precision": 0.666667,
      "recall": 0.814371,
      "f1": 0.733154,
      "accuracy": 0.814371,
      "tp": 272,
      "fp": 136,
      "fn": 62,
      "support": 334
    },
    "low_producing_grassland": {
      "precision": 0.266376,
      "recall": 0.182635,
      "f1": 0.216696,
      "accuracy": 0.182635,
      "tp": 61,
      "fp": 168,
      "fn": 273,
      "support": 334
    },
    "manuka_kanuka": {
      "precision": 0.384615,
      "recall": 0.374251,
      "f1": 0.379363,
      "accuracy": 0.374251,
      "tp": 125,
      "fp": 200,
      "fn": 209,
      "support": 334
    },
    "shortrotation_cropland": {
      "precision": 0.683377,
      "recall": 0.775449,
      "f1": 0.726508,
      "accuracy": 0.775449,
      "tp": 259,
      "fp": 120,
      "fn": 75,
      "support": 334
    },
    "urban_build_up": {
      "precision": 0.704663,
      "recall": 0.814371,
      "f1": 0.755556,
      "accuracy": 0.814371,
      "tp": 272,
      "fp": 114,
      "fn": 62,
      "support": 334
    },
    "urban_parkland": {
      "precision": 0.677419,
      "recall": 0.628743,
      "f1": 0.652174,
      "accuracy": 0.628743,
      "tp": 210,
      "fp": 100,
      "fn": 124,
      "support": 334
    }
  },
  "global": {
    "micro_precision": 0.523261,
    "micro_recall": 0.523261,
    "micro_f1": 0.523261,
    "macro_precision": 0.501804,
    "macro_recall": 0.523261,
    "macro_f1": 0.503091,
    "macro_accuracy": 0.523261,
    "weighted_precision": 0.501804,
    "weighted_recall": 0.523261,
    "weighted_f1": 0.503091,
    "weighted_accuracy": 0.523261
  }
}