{
  "class": {
    "broadleaved_indigenous_hardwood": {
      "precision": 0.336283,
      "recall": 0.341317,
      "f1": 0.338782,
      "tp": 114,
      "fp": 225,
      "fn": 220,
      "support": 334
    },
    "deciduous_hardwood": {
      "precision": 0.435407,
      "recall": 0.54491,
      "f1": 0.484043,
      "tp": 182,
      "fp": 236,
      "fn": 152,
      "support": 334
    },
    "grose_broom": {
      "precision": 0.390335,
      "recall": 0.314371,
      "f1": 0.348259,
      "tp": 105,
      "fp": 164,
      "fn": 229,
      "support": 334
    },
    "harvested_forest": {
      "precision": 0.632099,
      "recall": 0.766467,
      "f1": 0.692828,
      "tp": 256,
      "fp": 149,
      "fn": 78,
      "support": 334
    },
    "herbaceous_freshwater_vege": {
      "precision": 0.53629,
      "recall": 0.398204,
      "f1": 0.457045,
      "tp": 133,
      "fp": 115,
      "fn": 201,
      "support": 334
    },
    "high_producing_grassland": {
      "precision": 0.463687,
      "recall": 0.248503,
      "f1": 0.323587,
      "tp": 83,
      "fp": 96,
      "fn": 251,
      "support": 334
    },
    "indigenous_forest": {
      "precision": 0.65,
      "recall": 0.389222,
      "f1": 0.486891,
      "tp": 130,
      "fp": 70,
      "fn": 204,
      "support": 334
    },
    "lake_pond": {
      "precision": 0.627635,
      "recall": 0.802395,
      "f1": 0.704336,
      "tp": 268,
      "fp": 159,
      "fn": 66,
      "support": 334
    },
    "low_producing_grassland": {
      "precision": 0.245033,
      "recall": 0.332335,
      "f1": 0.282084,
      "tp": 111,
      "fp": 342,
      "fn": 223,
      "support": 334
    },
    "manuka_kanuka": {
      "precision": 0.362944,
      "recall": 0.428144,
      "f1": 0.392857,
      "tp": 143,
      "fp": 251,
      "fn": 191,
      "support": 334
    },
    "shortrotation_cropland": {
      "precision": 0.749263,
      "recall": 0.760479,
      "f1": 0.754829,
      "tp": 254,
      "fp": 85,
      "fn": 80,
      "support": 334
    },
    "urban_build_up": {
      "precision": 0.662651,
      "recall": 0.823353,
      "f1": 0.734312,
      "tp": 275,
      "fp": 140,
      "fn": 59,
      "support": 334
    },
    "urban_parkland": {
      "precision": 0.75,
      "recall": 0.57485,
      "f1": 0.650847,
      "tp": 192,
      "fp": 64,
      "fn": 142,
      "support": 334
    }
  },
  "global": {
    "micro_precision": 0.517273,
    "micro_recall": 0.517273,
    "micro_f1": 0.517273,
    "macro_precision": 0.526279,
    "macro_recall": 0.517273,
    "macro_f1": 0.511592,
    "weighted_precision": 0.526279,
    "weighted_recall": 0.517273,
    "weighted_f1": 0.511592
  }
}