{
  "class": {
    "broadleaved_indigenous_hardwood": {
      "precision": 0.315457,
      "recall": 0.299401,
      "f1": 0.30722,
      "tp": 100,
      "fp": 217,
      "fn": 234,
      "support": 334
    },
    "deciduous_hardwood": {
      "precision": 0.455882,
      "recall": 0.556886,
      "f1": 0.501348,
      "tp": 186,
      "fp": 222,
      "fn": 148,
      "support": 334
    },
    "grose_broom": {
      "precision": 0.340845,
      "recall": 0.362275,
      "f1": 0.351234,
      "tp": 121,
      "fp": 234,
      "fn": 213,
      "support": 334
    },
    "harvested_forest": {
      "precision": 0.660099,
      "recall": 0.802395,
      "f1": 0.724324,
      "tp": 268,
      "fp": 138,
      "fn": 66,
      "support": 334
    },
    "herbaceous_freshwater_vege": {
      "precision": 0.446927,
      "recall": 0.479042,
      "f1": 0.462428,
      "tp": 160,
      "fp": 198,
      "fn": 174,
      "support": 334
    },
    "high_producing_grassland": {
      "precision": 0.411765,
      "recall": 0.335329,
      "f1": 0.369637,
      "tp": 112,
      "fp": 160,
      "fn": 222,
      "support": 334
    },
    "indigenous_forest": {
      "precision": 0.510769,
      "recall": 0.497006,
      "f1": 0.503794,
      "tp": 166,
      "fp": 159,
      "fn": 168,
      "support": 334
    },
    "lake_pond": {
      "precision": 0.69437,
      "recall": 0.775449,
      "f1": 0.732673,
      "tp": 259,
      "fp": 114,
      "fn": 75,
      "support": 334
    },
    "low_producing_grassland": {
      "precision": 0.285714,
      "recall": 0.233533,
      "f1": 0.257002,
      "tp": 78,
      "fp": 195,
      "fn": 256,
      "support": 334
    },
    "manuka_kanuka": {
      "precision": 0.416309,
      "recall": 0.290419,
      "f1": 0.342152,
      "tp": 97,
      "fp": 136,
      "fn": 237,
      "support": 334
    },
    "shortrotation_cropland": {
      "precision": 0.738739,
      "recall": 0.736527,
      "f1": 0.737631,
      "tp": 246,
      "fp": 87,
      "fn": 88,
      "support": 334
    },
    "urban_build_up": {
      "precision": 0.652913,
      "recall": 0.805389,
      "f1": 0.72118,
      "tp": 269,
      "fp": 143,
      "fn": 65,
      "support": 334
    },
    "urban_parkland": {
      "precision": 0.703971,
      "recall": 0.583832,
      "f1": 0.638298,
      "tp": 195,
      "fp": 82,
      "fn": 139,
      "support": 334
    }
  },
  "global": {
    "micro_precision": 0.519807,
    "micro_recall": 0.519807,
    "micro_f1": 0.519807,
    "macro_precision": 0.510289,
    "macro_recall": 0.519807,
    "macro_f1": 0.511455,
    "weighted_precision": 0.510289,
    "weighted_recall": 0.519807,
    "weighted_f1": 0.511455
  }
}