{
  "class": {
    "broadleaved_indigenous_hardwood": {
      "precision": 0.296443,
      "recall": 0.224551,
      "f1": 0.255537,
      "tp": 75,
      "fp": 178,
      "fn": 259,
      "support": 334
    },
    "deciduous_hardwood": {
      "precision": 0.360335,
      "recall": 0.386228,
      "f1": 0.372832,
      "tp": 129,
      "fp": 229,
      "fn": 205,
      "support": 334
    },
    "grose_broom": {
      "precision": 0.316602,
      "recall": 0.245509,
      "f1": 0.27656,
      "tp": 82,
      "fp": 177,
      "fn": 252,
      "support": 334
    },
    "harvested_forest": {
      "precision": 0.566292,
      "recall": 0.754491,
      "f1": 0.646983,
      "tp": 252,
      "fp": 193,
      "fn": 82,
      "support": 334
    },
    "herbaceous_freshwater_vege": {
      "precision": 0.394161,
      "recall": 0.323353,
      "f1": 0.355263,
      "tp": 108,
      "fp": 166,
      "fn": 226,
      "support": 334
    },
    "high_producing_grassland": {
      "precision": 0.26087,
      "recall": 0.305389,
      "f1": 0.281379,
      "tp": 102,
      "fp": 289,
      "fn": 232,
      "support": 334
    },
    "indigenous_forest": {
      "precision": 0.417582,
      "recall": 0.45509,
      "f1": 0.43553,
      "tp": 152,
      "fp": 212,
      "fn": 182,
      "support": 334
    },
    "lake_pond": {
      "precision": 0.540943,
      "recall": 0.652695,
      "f1": 0.591588,
      "tp": 218,
      "fp": 185,
      "fn": 116,
      "support": 334
    },
    "low_producing_grassland": {
      "precision": 0.185328,
      "recall": 0.143713,
      "f1": 0.161889,
      "tp": 48,
      "fp": 211,
      "fn": 286,
      "support": 334
    },
    "manuka_kanuka": {
      "precision": 0.292096,
      "recall": 0.254491,
      "f1": 0.272,
      "tp": 85,
      "fp": 206,
      "fn": 249,
      "support": 334
    },
    "shortrotation_cropland": {
      "precision": 0.65812,
      "recall": 0.691617,
      "f1": 0.674453,
      "tp": 231,
      "fp": 120,
      "fn": 103,
      "support": 334
    },
    "urban_build_up": {
      "precision": 0.62716,
      "recall": 0.760479,
      "f1": 0.687415,
      "tp": 254,
      "fp": 151,
      "fn": 80,
      "support": 334
    },
    "urban_parkland": {
      "precision": 0.629758,
      "recall": 0.54491,
      "f1": 0.58427,
      "tp": 182,
      "fp": 107,
      "fn": 152,
      "support": 334
    }
  },
  "global": {
    "micro_precision": 0.441732,
    "micro_recall": 0.441732,
    "micro_f1": 0.441732,
    "macro_precision": 0.426592,
    "macro_recall": 0.441732,
    "macro_f1": 0.430438,
    "weighted_precision": 0.426592,
    "weighted_recall": 0.441732,
    "weighted_f1": 0.430438
  }
}