{
  "class": {
    "broadleaved_indigenous_hardwood": {
      "precision": 0.361702,
      "recall": 0.254491,
      "f1": 0.29877,
      "accuracy": 0.254491,
      "tp": 85,
      "fp": 150,
      "fn": 249,
      "support": 334
    },
    "deciduous_hardwood": {
      "precision": 0.480315,
      "recall": 0.547904,
      "f1": 0.511888,
      "accuracy": 0.547904,
      "tp": 183,
      "fp": 198,
      "fn": 151,
      "support": 334
    },
    "grose_broom": {
      "precision": 0.297424,
      "recall": 0.38024,
      "f1": 0.333771,
      "accuracy": 0.38024,
      "tp": 127,
      "fp": 300,
      "fn": 207,
      "support": 334
    },
    "harvested_forest": {
      "precision": 0.735202,
      "recall": 0.706587,
      "f1": 0.720611,
      "accuracy": 0.706587,
      "tp": 236,
      "fp": 85,
      "fn": 98,
      "support": 334
    },
    "herbaceous_freshwater_vege": {
      "precision": 0.432133,
      "recall": 0.467066,
      "f1": 0.448921,
      "accuracy": 0.467066,
      "tp": 156,
      "fp": 205,
      "fn": 178,
      "support": 334
    },
    "high_producing_grassland": {
      "precision": 0.473373,
      "recall": 0.239521,
      "f1": 0.318091,
      "accuracy": 0.239521,
      "tp": 80,
      "fp": 89,
      "fn": 254,
      "support": 334
    },
    "indigenous_forest": {
      "precision": 0.481132,
      "recall": 0.610778,
      "f1": 0.538259,
      "accuracy": 0.610778,
      "tp": 204,
      "fp": 220,
      "fn": 130,
      "support": 334
    },
    "lake_pond": {
      "precision": 0.658537,
      "recall": 0.808383,
      "f1": 0.725806,
      "accuracy": 0.808383,
      "tp": 270,
      "fp": 140,
      "fn": 64,
      "support": 334
    },
    "low_producing_grassland": {
      "precision": 0.262136,
      "recall": 0.323353,
      "f1": 0.289544,
      "accuracy": 0.323353,
      "tp": 108,
      "fp": 304,
      "fn": 226,
      "support": 334
    },
    "manuka_kanuka": {
      "precision": 0.40613,
      "recall": 0.317365,
      "f1": 0.356303,
      "accuracy": 0.317365,
      "tp": 106,
      "fp": 155,
      "fn": 228,
      "support": 334
    },
    "shortrotation_cropland": {
      "precision": 0.733533,
      "recall": 0.733533,
      "f1": 0.733533,
      "accuracy": 0.733533,
      "tp": 245,
      "fp": 89,
      "fn": 89,
      "support": 334
    },
    "urban_build_up": {
      "precision": 0.702073,
      "recall": 0.811377,
      "f1": 0.752778,
      "accuracy": 0.811377,
      "tp": 271,
      "fp": 115,
      "fn": 63,
      "support": 334
    },
    "urban_parkland": {
      "precision": 0.791855,
      "recall": 0.523952,
      "f1": 0.630631,
      "accuracy": 0.523952,
      "tp": 175,
      "fp": 46,
      "fn": 159,
      "support": 334
    }
  },
  "global": {
    "micro_precision": 0.517273,
    "micro_recall": 0.517273,
    "micro_f1": 0.517273,
    "macro_precision": 0.524273,
    "macro_recall": 0.517273,
    "macro_f1": 0.512223,
    "macro_accuracy": 0.517273,
    "weighted_precision": 0.524273,
    "weighted_recall": 0.517273,
    "weighted_f1": 0.512223,
    "weighted_accuracy": 0.517273
  }
}