{
  "class": {
    "broadleaved_indigenous_hardwood": {
      "precision": 0.309816,
      "recall": 0.302395,
      "f1": 0.306061,
      "tp": 101,
      "fp": 225,
      "fn": 233,
      "support": 334
    },
    "deciduous_hardwood": {
      "precision": 0.434243,
      "recall": 0.523952,
      "f1": 0.474898,
      "tp": 175,
      "fp": 228,
      "fn": 159,
      "support": 334
    },
    "grose_broom": {
      "precision": 0.34322,
      "recall": 0.242515,
      "f1": 0.284211,
      "tp": 81,
      "fp": 155,
      "fn": 253,
      "support": 334
    },
    "harvested_forest": {
      "precision": 0.588983,
      "recall": 0.832335,
      "f1": 0.689826,
      "tp": 278,
      "fp": 194,
      "fn": 56,
      "support": 334
    },
    "herbaceous_freshwater_vege": {
      "precision": 0.514851,
      "recall": 0.467066,
      "f1": 0.489796,
      "tp": 156,
      "fp": 147,
      "fn": 178,
      "support": 334
    },
    "high_producing_grassland": {
      "precision": 0.368932,
      "recall": 0.341317,
      "f1": 0.354588,
      "tp": 114,
      "fp": 195,
      "fn": 220,
      "support": 334
    },
    "indigenous_forest": {
      "precision": 0.483607,
      "recall": 0.52994,
      "f1": 0.505714,
      "tp": 177,
      "fp": 189,
      "fn": 157,
      "support": 334
    },
    "lake_pond": {
      "precision": 0.663934,
      "recall": 0.727545,
      "f1": 0.694286,
      "tp": 243,
      "fp": 123,
      "fn": 91,
      "support": 334
    },
    "low_producing_grassland": {
      "precision": 0.257937,
      "recall": 0.194611,
      "f1": 0.221843,
      "tp": 65,
      "fp": 187,
      "fn": 269,
      "support": 334
    },
    "manuka_kanuka": {
      "precision": 0.361702,
      "recall": 0.305389,
      "f1": 0.331169,
      "tp": 102,
      "fp": 180,
      "fn": 232,
      "support": 334
    },
    "shortrotation_cropland": {
      "precision": 0.694595,
      "recall": 0.769461,
      "f1": 0.730114,
      "tp": 257,
      "fp": 113,
      "fn": 77,
      "support": 334
    },
    "urban_build_up": {
      "precision": 0.685786,
      "recall": 0.823353,
      "f1": 0.748299,
      "tp": 275,
      "fp": 126,
      "fn": 59,
      "support": 334
    },
    "urban_parkland": {
      "precision": 0.757812,
      "recall": 0.580838,
      "f1": 0.657627,
      "tp": 194,
      "fp": 62,
      "fn": 140,
      "support": 334
    }
  },
  "global": {
    "micro_precision": 0.510825,
    "micro_recall": 0.510825,
    "micro_f1": 0.510825,
    "macro_precision": 0.49734,
    "macro_recall": 0.510825,
    "macro_f1": 0.49911,
    "weighted_precision": 0.49734,
    "weighted_recall": 0.510825,
    "weighted_f1": 0.49911
  }
}