{
  "class": {
    "broadleaved_indigenous_hardwood": {
      "precision": 0.336585,
      "recall": 0.206587,
      "f1": 0.25603,
      "tp": 69,
      "fp": 136,
      "fn": 265,
      "support": 334
    },
    "deciduous_hardwood": {
      "precision": 0.454333,
      "recall": 0.580838,
      "f1": 0.509855,
      "tp": 194,
      "fp": 233,
      "fn": 140,
      "support": 334
    },
    "grose_broom": {
      "precision": 0.412621,
      "recall": 0.254491,
      "f1": 0.314815,
      "tp": 85,
      "fp": 121,
      "fn": 249,
      "support": 334
    },
    "harvested_forest": {
      "precision": 0.590631,
      "recall": 0.868263,
      "f1": 0.70303,
      "tp": 290,
      "fp": 201,
      "fn": 44,
      "support": 334
    },
    "herbaceous_freshwater_vege": {
      "precision": 0.531469,
      "recall": 0.45509,
      "f1": 0.490323,
      "tp": 152,
      "fp": 134,
      "fn": 182,
      "support": 334
    },
    "high_producing_grassland": {
      "precision": 0.321981,
      "recall": 0.311377,
      "f1": 0.316591,
      "tp": 104,
      "fp": 219,
      "fn": 230,
      "support": 334
    },
    "indigenous_forest": {
      "precision": 0.467532,
      "recall": 0.538922,
      "f1": 0.500695,
      "tp": 180,
      "fp": 205,
      "fn": 154,
      "support": 334
    },
    "lake_pond": {
      "precision": 0.675325,
      "recall": 0.778443,
      "f1": 0.723227,
      "tp": 260,
      "fp": 125,
      "fn": 74,
      "support": 334
    },
    "low_producing_grassland": {
      "precision": 0.298113,
      "recall": 0.236527,
      "f1": 0.263773,
      "tp": 79,
      "fp": 186,
      "fn": 255,
      "support": 334
    },
    "manuka_kanuka": {
      "precision": 0.344051,
      "recall": 0.320359,
      "f1": 0.331783,
      "tp": 107,
      "fp": 204,
      "fn": 227,
      "support": 334
    },
    "shortrotation_cropland": {
      "precision": 0.648325,
      "recall": 0.811377,
      "f1": 0.720745,
      "tp": 271,
      "fp": 147,
      "fn": 63,
      "support": 334
    },
    "urban_build_up": {
      "precision": 0.668269,
      "recall": 0.832335,
      "f1": 0.741333,
      "tp": 278,
      "fp": 138,
      "fn": 56,
      "support": 334
    },
    "urban_parkland": {
      "precision": 0.799107,
      "recall": 0.535928,
      "f1": 0.641577,
      "tp": 179,
      "fp": 45,
      "fn": 155,
      "support": 334
    }
  },
  "global": {
    "micro_precision": 0.517734,
    "micro_recall": 0.517734,
    "micro_f1": 0.517734,
    "macro_precision": 0.503719,
    "macro_recall": 0.517734,
    "macro_f1": 0.50106,
    "weighted_precision": 0.503719,
    "weighted_recall": 0.517734,
    "weighted_f1": 0.50106
  }
}