{"Dataset":{"0":"best_cmmd","1":"best_fid","2":"ti_v1","3":"ti_v1_up","4":"ti_v2","5":"ti_v2_up","6":"v0","7":"v0_up","8":"v1","9":"v1_up","10":"v2","11":"v2_up"},"CMMD":{"0":0.3815889359,"1":0.4249811172,"2":1.4079809189,"3":1.2358427048,"4":1.2909173965,"5":1.1694431305,"6":0.4202127457,"7":0.8083581924,"8":0.469326973,"9":0.821352005,"10":0.4634857178,"11":0.7828474045},"FID":{"0":36.0390319824,"1":34.7492370605,"2":64.5473632812,"3":63.5551452637,"4":62.0774993896,"5":61.313659668,"6":37.0502319336,"7":53.1415100098,"8":38.4224853516,"9":51.5837097168,"10":43.1887969971,"11":52.6719055176}}