{"Dataset":{"0":"ti_v1","1":"ti_v1_up","2":"ti_v2","3":"ti_v2_up","4":"v0","5":"v0_up","6":"v1","7":"v1_up","8":"v2","9":"v2_up"},"CMMD":{"0":1.4079809189,"1":1.2358427048,"2":1.2909173965,"3":1.1694431305,"4":0.4202127457,"5":0.8083581924,"6":0.469326973,"7":0.821352005,"8":0.4634857178,"9":0.7828474045},"FID":{"0":64.5473632812,"1":63.5551452637,"2":62.0774993896,"3":61.313659668,"4":37.0502319336,"5":53.1415100098,"6":38.4224853516,"7":51.5837097168,"8":43.1887969971,"9":52.6719055176}}