{
  "class": {
    "broadleaved_indigenous_hardwood": {
      "precision": 0.252427,
      "recall": 0.233533,
      "f1": 0.242613,
      "tp": 78,
      "fp": 231,
      "fn": 256,
      "support": 334
    },
    "deciduous_hardwood": {
      "precision": 0.429333,
      "recall": 0.482036,
      "f1": 0.454161,
      "tp": 161,
      "fp": 214,
      "fn": 173,
      "support": 334
    },
    "grose_broom": {
      "precision": 0.398104,
      "recall": 0.251497,
      "f1": 0.308257,
      "tp": 84,
      "fp": 127,
      "fn": 250,
      "support": 334
    },
    "harvested_forest": {
      "precision": 0.644444,
      "recall": 0.781437,
      "f1": 0.70636,
      "tp": 261,
      "fp": 144,
      "fn": 73,
      "support": 334
    },
    "herbaceous_freshwater_vege": {
      "precision": 0.448052,
      "recall": 0.413174,
      "f1": 0.429907,
      "tp": 138,
      "fp": 170,
      "fn": 196,
      "support": 334
    },
    "high_producing_grassland": {
      "precision": 0.303738,
      "recall": 0.389222,
      "f1": 0.341207,
      "tp": 130,
      "fp": 298,
      "fn": 204,
      "support": 334
    },
    "indigenous_forest": {
      "precision": 0.451977,
      "recall": 0.479042,
      "f1": 0.465116,
      "tp": 160,
      "fp": 194,
      "fn": 174,
      "support": 334
    },
    "lake_pond": {
      "precision": 0.674863,
      "recall": 0.739521,
      "f1": 0.705714,
      "tp": 247,
      "fp": 119,
      "fn": 87,
      "support": 334
    },
    "low_producing_grassland": {
      "precision": 0.241935,
      "recall": 0.224551,
      "f1": 0.232919,
      "tp": 75,
      "fp": 235,
      "fn": 259,
      "support": 334
    },
    "manuka_kanuka": {
      "precision": 0.305755,
      "recall": 0.254491,
      "f1": 0.277778,
      "tp": 85,
      "fp": 193,
      "fn": 249,
      "support": 334
    },
    "shortrotation_cropland": {
      "precision": 0.71875,
      "recall": 0.757485,
      "f1": 0.737609,
      "tp": 253,
      "fp": 99,
      "fn": 81,
      "support": 334
    },
    "urban_build_up": {
      "precision": 0.642674,
      "recall": 0.748503,
      "f1": 0.691563,
      "tp": 250,
      "fp": 139,
      "fn": 84,
      "support": 334
    },
    "urban_parkland": {
      "precision": 0.661479,
      "recall": 0.508982,
      "f1": 0.575296,
      "tp": 170,
      "fp": 87,
      "fn": 164,
      "support": 334
    }
  },
  "global": {
    "micro_precision": 0.481806,
    "micro_recall": 0.481806,
    "micro_f1": 0.481806,
    "macro_precision": 0.474887,
    "macro_recall": 0.481806,
    "macro_f1": 0.4745,
    "weighted_precision": 0.474887,
    "weighted_recall": 0.481806,
    "weighted_f1": 0.4745
  }
}