{
  "class": {
    "broadleaved_indigenous_hardwood": {
      "precision": 0.3,
      "recall": 0.224551,
      "f1": 0.256849,
      "tp": 75,
      "fp": 175,
      "fn": 259,
      "support": 334
    },
    "deciduous_hardwood": {
      "precision": 0.339623,
      "recall": 0.431138,
      "f1": 0.379947,
      "tp": 144,
      "fp": 280,
      "fn": 190,
      "support": 334
    },
    "grose_broom": {
      "precision": 0.289062,
      "recall": 0.332335,
      "f1": 0.309192,
      "tp": 111,
      "fp": 273,
      "fn": 223,
      "support": 334
    },
    "harvested_forest": {
      "precision": 0.537815,
      "recall": 0.766467,
      "f1": 0.632099,
      "tp": 256,
      "fp": 220,
      "fn": 78,
      "support": 334
    },
    "herbaceous_freshwater_vege": {
      "precision": 0.405512,
      "recall": 0.308383,
      "f1": 0.35034,
      "tp": 103,
      "fp": 151,
      "fn": 231,
      "support": 334
    },
    "high_producing_grassland": {
      "precision": 0.274448,
      "recall": 0.260479,
      "f1": 0.267281,
      "tp": 87,
      "fp": 230,
      "fn": 247,
      "support": 334
    },
    "indigenous_forest": {
      "precision": 0.422535,
      "recall": 0.449102,
      "f1": 0.435414,
      "tp": 150,
      "fp": 205,
      "fn": 184,
      "support": 334
    },
    "lake_pond": {
      "precision": 0.537688,
      "recall": 0.640719,
      "f1": 0.584699,
      "tp": 214,
      "fp": 184,
      "fn": 120,
      "support": 334
    },
    "low_producing_grassland": {
      "precision": 0.196491,
      "recall": 0.167665,
      "f1": 0.180937,
      "tp": 56,
      "fp": 229,
      "fn": 278,
      "support": 334
    },
    "manuka_kanuka": {
      "precision": 0.361963,
      "recall": 0.176647,
      "f1": 0.237425,
      "tp": 59,
      "fp": 104,
      "fn": 275,
      "support": 334
    },
    "shortrotation_cropland": {
      "precision": 0.682353,
      "recall": 0.694611,
      "f1": 0.688427,
      "tp": 232,
      "fp": 108,
      "fn": 102,
      "support": 334
    },
    "urban_build_up": {
      "precision": 0.641753,
      "recall": 0.745509,
      "f1": 0.689751,
      "tp": 249,
      "fp": 139,
      "fn": 85,
      "support": 334
    },
    "urban_parkland": {
      "precision": 0.62987,
      "recall": 0.580838,
      "f1": 0.604361,
      "tp": 194,
      "fp": 114,
      "fn": 140,
      "support": 334
    }
  },
  "global": {
    "micro_precision": 0.444496,
    "micro_recall": 0.444496,
    "micro_f1": 0.444496,
    "macro_precision": 0.43224,
    "macro_recall": 0.444496,
    "macro_f1": 0.432056,
    "weighted_precision": 0.43224,
    "weighted_recall": 0.444496,
    "weighted_f1": 0.432056
  }
}